بازگشایی؟,کمترین؟,بیشترین؟,پایانی؟,میزان تغییر,درصد تغییر,تاریخ / میلادی,تاریخ / شمسی
393090,387510,393240,389190,4280,1.1%,2022/06/22,1401/04/01
391370,388750,393930,393470,4160,1.07%,2022/06/21,1401/03/31
389920,388270,391850,389310,920,0.24%,2022/06/20,1401/03/30
387930,387290,389890,388390,1200,0.31%,2022/06/19,1401/03/29
391160,387080,391730,387190,730,0.19%,2022/06/18,1401/03/28
386460,386460,386460,386460,-,-,2022/06/16,1401/03/26
383530,380350,386650,386460,5720,1.5%,2022/06/15,1401/03/25
386790,380250,387280,380740,5720,1.5%,2022/06/14,1401/03/24
395170,385800,396490,386460,11030,2.85%,2022/06/13,1401/03/23
402070,396070,403080,397490,8150,2.05%,2022/06/12,1401/03/22
395990,395780,407590,405640,4130,1.03%,2022/06/11,1401/03/21
401510,401510,401510,401510,-,-,2022/06/09,1401/03/19
397660,396730,402630,401510,3730,0.94%,2022/06/08,1401/03/18
399600,396670,401460,397780,2020,0.51%,2022/06/07,1401/03/17
389450,389410,400210,399800,7220,1.84%,2022/06/06,1401/03/16
392580,392580,392580,392580,-,-,2022/06/02,1401/03/12
394260,392010,394700,392580,1060,0.27%,2022/06/01,1401/03/11
390460,389820,395740,393640,3030,0.78%,2022/05/31,1401/03/10
388590,388160,392570,390610,290,0.07%,2022/05/30,1401/03/09
386580,386110,390570,390320,4150,1.07%,2022/05/29,1401/03/08
383960,382260,387440,386170,3427,0.9%,2022/05/28,1401/03/07
382348,379174,385077,382743,2003,0.53%,2022/05/25,1401/03/04
378420,374560,378730,378100,210,0.06%,2022/05/24,1401/03/03
380320,376750,383170,377890,2240,0.59%,2022/05/23,1401/03/02
380600,376670,381880,380130,1420,0.37%,2022/05/22,1401/03/01
373390,373390,381440,378710,7090,1.91%,2022/05/21,1401/02/31
371620,371620,371620,371620,-,-,2022/05/19,1401/02/29
372030,364120,374920,371620,1810,0.49%,2022/05/18,1401/02/28
376670,371120,376670,373430,3540,0.95%,2022/05/17,1401/02/27
377110,376550,379520,376970,3070,0.82%,2022/05/16,1401/02/26
374230,371590,375880,373900,980,0.26%,2022/05/15,1401/02/25
369170,366660,375190,374880,2120,0.57%,2022/05/14,1401/02/24
377000,377000,377000,377000,9920,2.7%,2022/05/12,1401/02/22
359090,359090,370800,367080,5036,1.39%,2022/05/11,1401/02/21
352991,349884,365954,362044,4294,1.2%,2022/05/09,1401/02/19
350560,349570,354100,351360,1280,0.37%,2022/05/08,1401/02/18
350630,349580,351430,350080,1630,0.47%,2022/05/07,1401/02/17
351710,351710,351710,351710,1570,0.45%,2022/05/05,1401/02/15
353280,353280,353280,353280,-,-,2022/05/02,1401/02/12
353580,352340,354770,353280,850,0.24%,2022/05/01,1401/02/11
353180,353120,354380,354130,3960,1.13%,2022/04/30,1401/02/10
350170,350170,350170,350170,-,-,2022/04/28,1401/02/08
351490,349530,352800,350170,1430,0.41%,2022/04/27,1401/02/07
351290,350900,354480,351600,960,0.27%,2022/04/26,1401/02/06
354560,352430,356960,352560,1330,0.38%,2022/04/25,1401/02/05
354420,352220,355360,353890,9200,2.6%,2022/04/24,1401/02/04
363090,363090,363090,363090,-,-,2022/04/21,1401/02/01
362260,362230,364900,363090,1060,0.29%,2022/04/20,1401/01/31
358850,358600,362750,362030,3460,0.96%,2022/04/19,1401/01/30
359550,357840,361700,358570,1470,0.41%,2022/04/18,1401/01/29
362610,359680,364400,360040,4520,1.26%,2022/04/17,1401/01/28
364270,364240,367510,364560,1510,0.41%,2022/04/16,1401/01/27
366070,366070,366070,366070,-,-,2022/04/14,1401/01/25
366900,365840,366920,366070,1770,0.49%,2022/04/13,1401/01/24
366970,362600,367450,364300,3710,1.02%,2022/04/12,1401/01/23
366640,366510,369410,368010,810,0.22%,2022/04/11,1401/01/22
365030,364710,368640,367200,1090,0.3%,2022/04/10,1401/01/21
362970,362070,366500,366110,3680,1.02%,2022/04/09,1401/01/20
362430,362430,362430,362430,-,-,2022/04/07,1401/01/18
360030,359740,364790,362430,2780,0.77%,2022/04/06,1401/01/17
362910,358500,363210,359650,5520,1.53%,2022/04/05,1401/01/16
358330,358330,366660,365170,6920,1.93%,2022/04/04,1401/01/15
353190,353010,358870,358250,2240,0.63%,2022/04/03,1401/01/14
356010,356010,356010,356010,-,-,2022/03/31,1401/01/11
356030,354440,356330,356010,1250,0.35%,2022/03/30,1401/01/10
357680,355000,357810,357260,1150,0.32%,2022/03/29,1401/01/09
351270,350730,356790,356110,6130,1.75%,2022/03/28,1401/01/08
346200,345700,352660,349980,2860,0.82%,2022/03/27,1401/01/07
346620,346470,347330,347120,1564,0.45%,2022/03/26,1401/01/06
